{
 "K": [
  [
   1624.0664927375626,
   0.0,
   451.55269257122865
  ],
  [
   0.0,
   1629.942106172911,
   343.7184652076223
  ],
  [
   0.0,
   0.0,
   1.0
  ]
 ],
 "d": 3,
 "distortion": [
  [
   0.9567380550605561,
   -14.049953144752484,
   -0.00669875079813137,
   -0.005203733959554966,
   76.27266907870396
  ]
 ],
 "h": 2,
 "pan": 0,
 "tilt": 30
}